id,full_name,nic_number,license_number,phone,address,is_active
1,Driver 1,000000001V,LIC-000001,0770000001,"No 1, Driver Street, Colombo",1
2,Driver 2,000000002V,LIC-000002,0770000002,"No 2, Driver Street, Colombo",1
3,Driver 3,000000003V,LIC-000003,0770000003,"No 3, Driver Street, Colombo",1
4,Driver 4,000000004V,LIC-000004,0770000004,"No 4, Driver Street, Colombo",1
5,Driver 5,000000005V,LIC-000005,0770000005,"No 5, Driver Street, Colombo",1
6,Driver 6,000000006V,LIC-000006,0770000006,"No 6, Driver Street, Colombo",1
7,Driver 7,000000007V,LIC-000007,0770000007,"No 7, Driver Street, Colombo",1
8,Driver 8,000000008V,LIC-000008,0770000008,"No 8, Driver Street, Colombo",1
9,Driver 9,000000009V,LIC-000009,0770000009,"No 9, Driver Street, Colombo",1
10,Driver 10,000000010V,LIC-000010,0770000010,"No 10, Driver Street, Colombo",1
11,Driver 11,000000011V,LIC-000011,0770000011,"No 11, Driver Street, Colombo",1
12,Driver 12,000000012V,LIC-000012,0770000012,"No 12, Driver Street, Colombo",1
13,Driver 13,000000013V,LIC-000013,0770000013,"No 13, Driver Street, Colombo",1
14,Driver 14,000000014V,LIC-000014,0770000014,"No 14, Driver Street, Colombo",1
15,Driver 15,000000015V,LIC-000015,0770000015,"No 15, Driver Street, Colombo",1
16,Driver 16,000000016V,LIC-000016,0770000016,"No 16, Driver Street, Colombo",1
17,Driver 17,000000017V,LIC-000017,0770000017,"No 17, Driver Street, Colombo",1
18,Driver 18,000000018V,LIC-000018,0770000018,"No 18, Driver Street, Colombo",1
19,Driver 19,000000019V,LIC-000019,0770000019,"No 19, Driver Street, Colombo",1
20,Driver 20,000000020V,LIC-000020,0770000020,"No 20, Driver Street, Colombo",1
21,Driver 21,000000021V,LIC-000021,0770000021,"No 21, Driver Street, Colombo",1
22,Driver 22,000000022V,LIC-000022,0770000022,"No 22, Driver Street, Colombo",1
23,Driver 23,000000023V,LIC-000023,0770000023,"No 23, Driver Street, Colombo",1
24,Driver 24,000000024V,LIC-000024,0770000024,"No 24, Driver Street, Colombo",1
25,Driver 25,000000025V,LIC-000025,0770000025,"No 25, Driver Street, Colombo",1
26,Driver 26,000000026V,LIC-000026,0770000026,"No 26, Driver Street, Colombo",1
27,Driver 27,000000027V,LIC-000027,0770000027,"No 27, Driver Street, Colombo",1
28,Driver 28,000000028V,LIC-000028,0770000028,"No 28, Driver Street, Colombo",1
29,Driver 29,000000029V,LIC-000029,0770000029,"No 29, Driver Street, Colombo",1
30,Driver 30,000000030V,LIC-000030,0770000030,"No 30, Driver Street, Colombo",1
31,Driver 31,000000031V,LIC-000031,0770000031,"No 31, Driver Street, Colombo",1
32,Driver 32,000000032V,LIC-000032,0770000032,"No 32, Driver Street, Colombo",1
33,Driver 33,000000033V,LIC-000033,0770000033,"No 33, Driver Street, Colombo",1
34,Driver 34,000000034V,LIC-000034,0770000034,"No 34, Driver Street, Colombo",1
35,Driver 35,000000035V,LIC-000035,0770000035,"No 35, Driver Street, Colombo",1
36,Driver 36,000000036V,LIC-000036,0770000036,"No 36, Driver Street, Colombo",1
37,Driver 37,000000037V,LIC-000037,0770000037,"No 37, Driver Street, Colombo",1
38,Driver 38,000000038V,LIC-000038,0770000038,"No 38, Driver Street, Colombo",1
39,Driver 39,000000039V,LIC-000039,0770000039,"No 39, Driver Street, Colombo",1
40,Driver 40,000000040V,LIC-000040,0770000040,"No 40, Driver Street, Colombo",1
41,Driver 41,000000041V,LIC-000041,0770000041,"No 41, Driver Street, Colombo",1
42,Driver 42,000000042V,LIC-000042,0770000042,"No 42, Driver Street, Colombo",1
43,Driver 43,000000043V,LIC-000043,0770000043,"No 43, Driver Street, Colombo",1
44,Driver 44,000000044V,LIC-000044,0770000044,"No 44, Driver Street, Colombo",1
45,Driver 45,000000045V,LIC-000045,0770000045,"No 45, Driver Street, Colombo",1
46,Driver 46,000000046V,LIC-000046,0770000046,"No 46, Driver Street, Colombo",1
47,Driver 47,000000047V,LIC-000047,0770000047,"No 47, Driver Street, Colombo",1
48,Driver 48,000000048V,LIC-000048,0770000048,"No 48, Driver Street, Colombo",1
49,Driver 49,000000049V,LIC-000049,0770000049,"No 49, Driver Street, Colombo",1
50,Driver 50,000000050V,LIC-000050,0770000050,"No 50, Driver Street, Colombo",1
51,Driver 51,000000051V,LIC-000051,0770000051,"No 51, Driver Street, Colombo",1
52,Driver 52,000000052V,LIC-000052,0770000052,"No 52, Driver Street, Colombo",1
53,Driver 53,000000053V,LIC-000053,0770000053,"No 53, Driver Street, Colombo",1
54,Driver 54,000000054V,LIC-000054,0770000054,"No 54, Driver Street, Colombo",1
55,Driver 55,000000055V,LIC-000055,0770000055,"No 55, Driver Street, Colombo",1
56,Driver 56,000000056V,LIC-000056,0770000056,"No 56, Driver Street, Colombo",1
57,Driver 57,000000057V,LIC-000057,0770000057,"No 57, Driver Street, Colombo",1
58,Driver 58,000000058V,LIC-000058,0770000058,"No 58, Driver Street, Colombo",1
59,Driver 59,000000059V,LIC-000059,0770000059,"No 59, Driver Street, Colombo",1
60,Driver 60,000000060V,LIC-000060,0770000060,"No 60, Driver Street, Colombo",1
61,Driver 61,000000061V,LIC-000061,0770000061,"No 61, Driver Street, Colombo",1
62,Driver 62,000000062V,LIC-000062,0770000062,"No 62, Driver Street, Colombo",1
63,Driver 63,000000063V,LIC-000063,0770000063,"No 63, Driver Street, Colombo",1
64,Driver 64,000000064V,LIC-000064,0770000064,"No 64, Driver Street, Colombo",1
65,Driver 65,000000065V,LIC-000065,0770000065,"No 65, Driver Street, Colombo",1
66,Driver 66,000000066V,LIC-000066,0770000066,"No 66, Driver Street, Colombo",1
67,Driver 67,000000067V,LIC-000067,0770000067,"No 67, Driver Street, Colombo",1
68,Driver 68,000000068V,LIC-000068,0770000068,"No 68, Driver Street, Colombo",1
69,Driver 69,000000069V,LIC-000069,0770000069,"No 69, Driver Street, Colombo",1
70,Driver 70,000000070V,LIC-000070,0770000070,"No 70, Driver Street, Colombo",1
71,Driver 71,000000071V,LIC-000071,0770000071,"No 71, Driver Street, Colombo",1
72,Driver 72,000000072V,LIC-000072,0770000072,"No 72, Driver Street, Colombo",1
73,Driver 73,000000073V,LIC-000073,0770000073,"No 73, Driver Street, Colombo",1
74,Driver 74,000000074V,LIC-000074,0770000074,"No 74, Driver Street, Colombo",1
75,Driver 75,000000075V,LIC-000075,0770000075,"No 75, Driver Street, Colombo",1
76,Driver 76,000000076V,LIC-000076,0770000076,"No 76, Driver Street, Colombo",1
77,Driver 77,000000077V,LIC-000077,0770000077,"No 77, Driver Street, Colombo",1
78,Driver 78,000000078V,LIC-000078,0770000078,"No 78, Driver Street, Colombo",1
79,Driver 79,000000079V,LIC-000079,0770000079,"No 79, Driver Street, Colombo",1
80,Driver 80,000000080V,LIC-000080,0770000080,"No 80, Driver Street, Colombo",1
81,Driver 81,000000081V,LIC-000081,0770000081,"No 81, Driver Street, Colombo",1
82,Driver 82,000000082V,LIC-000082,0770000082,"No 82, Driver Street, Colombo",1
83,Driver 83,000000083V,LIC-000083,0770000083,"No 83, Driver Street, Colombo",1
84,Driver 84,000000084V,LIC-000084,0770000084,"No 84, Driver Street, Colombo",1
85,Driver 85,000000085V,LIC-000085,0770000085,"No 85, Driver Street, Colombo",1
86,Driver 86,000000086V,LIC-000086,0770000086,"No 86, Driver Street, Colombo",1
87,Driver 87,000000087V,LIC-000087,0770000087,"No 87, Driver Street, Colombo",1
88,Driver 88,000000088V,LIC-000088,0770000088,"No 88, Driver Street, Colombo",1
89,Driver 89,000000089V,LIC-000089,0770000089,"No 89, Driver Street, Colombo",1
90,Driver 90,000000090V,LIC-000090,0770000090,"No 90, Driver Street, Colombo",1
91,Driver 91,000000091V,LIC-000091,0770000091,"No 91, Driver Street, Colombo",1
92,Driver 92,000000092V,LIC-000092,0770000092,"No 92, Driver Street, Colombo",1
93,Driver 93,000000093V,LIC-000093,0770000093,"No 93, Driver Street, Colombo",1
94,Driver 94,000000094V,LIC-000094,0770000094,"No 94, Driver Street, Colombo",1
95,Driver 95,000000095V,LIC-000095,0770000095,"No 95, Driver Street, Colombo",1
96,Driver 96,000000096V,LIC-000096,0770000096,"No 96, Driver Street, Colombo",1
97,Driver 97,000000097V,LIC-000097,0770000097,"No 97, Driver Street, Colombo",1
98,Driver 98,000000098V,LIC-000098,0770000098,"No 98, Driver Street, Colombo",1
99,Driver 99,000000099V,LIC-000099,0770000099,"No 99, Driver Street, Colombo",1
100,Driver 100,000000100V,LIC-000100,0770000100,"No 100, Driver Street, Colombo",1
101,Driver 101,000000101V,LIC-000101,0770000101,"No 101, Driver Street, Colombo",1
102,Driver 102,000000102V,LIC-000102,0770000102,"No 102, Driver Street, Colombo",1
103,Driver 103,000000103V,LIC-000103,0770000103,"No 103, Driver Street, Colombo",1
104,Driver 104,000000104V,LIC-000104,0770000104,"No 104, Driver Street, Colombo",1
105,Driver 105,000000105V,LIC-000105,0770000105,"No 105, Driver Street, Colombo",1
106,Driver 106,000000106V,LIC-000106,0770000106,"No 106, Driver Street, Colombo",1
107,Driver 107,000000107V,LIC-000107,0770000107,"No 107, Driver Street, Colombo",1
108,Driver 108,000000108V,LIC-000108,0770000108,"No 108, Driver Street, Colombo",1
109,Driver 109,000000109V,LIC-000109,0770000109,"No 109, Driver Street, Colombo",1
110,Driver 110,000000110V,LIC-000110,0770000110,"No 110, Driver Street, Colombo",1
111,Driver 111,000000111V,LIC-000111,0770000111,"No 111, Driver Street, Colombo",1
112,Driver 112,000000112V,LIC-000112,0770000112,"No 112, Driver Street, Colombo",1
113,Driver 113,000000113V,LIC-000113,0770000113,"No 113, Driver Street, Colombo",1
114,Driver 114,000000114V,LIC-000114,0770000114,"No 114, Driver Street, Colombo",1
115,Driver 115,000000115V,LIC-000115,0770000115,"No 115, Driver Street, Colombo",1
116,Driver 116,000000116V,LIC-000116,0770000116,"No 116, Driver Street, Colombo",1
117,Driver 117,000000117V,LIC-000117,0770000117,"No 117, Driver Street, Colombo",1
118,Driver 118,000000118V,LIC-000118,0770000118,"No 118, Driver Street, Colombo",1
119,Driver 119,000000119V,LIC-000119,0770000119,"No 119, Driver Street, Colombo",1
120,Driver 120,000000120V,LIC-000120,0770000120,"No 120, Driver Street, Colombo",1
121,Driver 121,000000121V,LIC-000121,0770000121,"No 121, Driver Street, Colombo",1
122,Driver 122,000000122V,LIC-000122,0770000122,"No 122, Driver Street, Colombo",1
123,Driver 123,000000123V,LIC-000123,0770000123,"No 123, Driver Street, Colombo",1
124,Driver 124,000000124V,LIC-000124,0770000124,"No 124, Driver Street, Colombo",1
125,Driver 125,000000125V,LIC-000125,0770000125,"No 125, Driver Street, Colombo",1
126,Driver 126,000000126V,LIC-000126,0770000126,"No 126, Driver Street, Colombo",1
127,Driver 127,000000127V,LIC-000127,0770000127,"No 127, Driver Street, Colombo",1
128,Driver 128,000000128V,LIC-000128,0770000128,"No 128, Driver Street, Colombo",1
129,Driver 129,000000129V,LIC-000129,0770000129,"No 129, Driver Street, Colombo",1
130,Driver 130,000000130V,LIC-000130,0770000130,"No 130, Driver Street, Colombo",1
131,Driver 131,000000131V,LIC-000131,0770000131,"No 131, Driver Street, Colombo",1
132,Driver 132,000000132V,LIC-000132,0770000132,"No 132, Driver Street, Colombo",1
133,Driver 133,000000133V,LIC-000133,0770000133,"No 133, Driver Street, Colombo",1
134,Driver 134,000000134V,LIC-000134,0770000134,"No 134, Driver Street, Colombo",1
135,Driver 135,000000135V,LIC-000135,0770000135,"No 135, Driver Street, Colombo",1
136,Driver 136,000000136V,LIC-000136,0770000136,"No 136, Driver Street, Colombo",1
137,Driver 137,000000137V,LIC-000137,0770000137,"No 137, Driver Street, Colombo",1
138,Driver 138,000000138V,LIC-000138,0770000138,"No 138, Driver Street, Colombo",1
139,Driver 139,000000139V,LIC-000139,0770000139,"No 139, Driver Street, Colombo",1
140,Driver 140,000000140V,LIC-000140,0770000140,"No 140, Driver Street, Colombo",1
141,Driver 141,000000141V,LIC-000141,0770000141,"No 141, Driver Street, Colombo",1
142,Driver 142,000000142V,LIC-000142,0770000142,"No 142, Driver Street, Colombo",1
143,Driver 143,000000143V,LIC-000143,0770000143,"No 143, Driver Street, Colombo",1
144,Driver 144,000000144V,LIC-000144,0770000144,"No 144, Driver Street, Colombo",1
145,Driver 145,000000145V,LIC-000145,0770000145,"No 145, Driver Street, Colombo",1
146,Driver 146,000000146V,LIC-000146,0770000146,"No 146, Driver Street, Colombo",1
147,Driver 147,000000147V,LIC-000147,0770000147,"No 147, Driver Street, Colombo",1
148,Driver 148,000000148V,LIC-000148,0770000148,"No 148, Driver Street, Colombo",1
149,Driver 149,000000149V,LIC-000149,0770000149,"No 149, Driver Street, Colombo",1
150,Driver 150,000000150V,LIC-000150,0770000150,"No 150, Driver Street, Colombo",1
151,Driver 151,000000151V,LIC-000151,0770000151,"No 151, Driver Street, Colombo",1
152,Driver 152,000000152V,LIC-000152,0770000152,"No 152, Driver Street, Colombo",1
153,Driver 153,000000153V,LIC-000153,0770000153,"No 153, Driver Street, Colombo",1
154,Driver 154,000000154V,LIC-000154,0770000154,"No 154, Driver Street, Colombo",1
155,Driver 155,000000155V,LIC-000155,0770000155,"No 155, Driver Street, Colombo",1
156,Driver 156,000000156V,LIC-000156,0770000156,"No 156, Driver Street, Colombo",1
157,Driver 157,000000157V,LIC-000157,0770000157,"No 157, Driver Street, Colombo",1
158,Driver 158,000000158V,LIC-000158,0770000158,"No 158, Driver Street, Colombo",1
159,Driver 159,000000159V,LIC-000159,0770000159,"No 159, Driver Street, Colombo",1
160,Driver 160,000000160V,LIC-000160,0770000160,"No 160, Driver Street, Colombo",1
161,Driver 161,000000161V,LIC-000161,0770000161,"No 161, Driver Street, Colombo",1
162,Driver 162,000000162V,LIC-000162,0770000162,"No 162, Driver Street, Colombo",1
163,Driver 163,000000163V,LIC-000163,0770000163,"No 163, Driver Street, Colombo",1
164,Driver 164,000000164V,LIC-000164,0770000164,"No 164, Driver Street, Colombo",1
165,Driver 165,000000165V,LIC-000165,0770000165,"No 165, Driver Street, Colombo",1
166,Driver 166,000000166V,LIC-000166,0770000166,"No 166, Driver Street, Colombo",1
167,Driver 167,000000167V,LIC-000167,0770000167,"No 167, Driver Street, Colombo",1
168,Driver 168,000000168V,LIC-000168,0770000168,"No 168, Driver Street, Colombo",1
169,Driver 169,000000169V,LIC-000169,0770000169,"No 169, Driver Street, Colombo",1
170,Driver 170,000000170V,LIC-000170,0770000170,"No 170, Driver Street, Colombo",1
171,Driver 171,000000171V,LIC-000171,0770000171,"No 171, Driver Street, Colombo",1
172,Driver 172,000000172V,LIC-000172,0770000172,"No 172, Driver Street, Colombo",1
173,Driver 173,000000173V,LIC-000173,0770000173,"No 173, Driver Street, Colombo",1
174,Driver 174,000000174V,LIC-000174,0770000174,"No 174, Driver Street, Colombo",1
175,Driver 175,000000175V,LIC-000175,0770000175,"No 175, Driver Street, Colombo",1
176,Driver 176,000000176V,LIC-000176,0770000176,"No 176, Driver Street, Colombo",1
177,Driver 177,000000177V,LIC-000177,0770000177,"No 177, Driver Street, Colombo",1
178,Driver 178,000000178V,LIC-000178,0770000178,"No 178, Driver Street, Colombo",1
179,Driver 179,000000179V,LIC-000179,0770000179,"No 179, Driver Street, Colombo",1
180,Driver 180,000000180V,LIC-000180,0770000180,"No 180, Driver Street, Colombo",1
181,Driver 181,000000181V,LIC-000181,0770000181,"No 181, Driver Street, Colombo",1
182,Driver 182,000000182V,LIC-000182,0770000182,"No 182, Driver Street, Colombo",1
183,Driver 183,000000183V,LIC-000183,0770000183,"No 183, Driver Street, Colombo",1
184,Driver 184,000000184V,LIC-000184,0770000184,"No 184, Driver Street, Colombo",1
185,Driver 185,000000185V,LIC-000185,0770000185,"No 185, Driver Street, Colombo",1
186,Driver 186,000000186V,LIC-000186,0770000186,"No 186, Driver Street, Colombo",1
187,Driver 187,000000187V,LIC-000187,0770000187,"No 187, Driver Street, Colombo",1
188,Driver 188,000000188V,LIC-000188,0770000188,"No 188, Driver Street, Colombo",1
189,Driver 189,000000189V,LIC-000189,0770000189,"No 189, Driver Street, Colombo",1
190,Driver 190,000000190V,LIC-000190,0770000190,"No 190, Driver Street, Colombo",1
191,Driver 191,000000191V,LIC-000191,0770000191,"No 191, Driver Street, Colombo",1
192,Driver 192,000000192V,LIC-000192,0770000192,"No 192, Driver Street, Colombo",1
193,Driver 193,000000193V,LIC-000193,0770000193,"No 193, Driver Street, Colombo",1
194,Driver 194,000000194V,LIC-000194,0770000194,"No 194, Driver Street, Colombo",1
195,Driver 195,000000195V,LIC-000195,0770000195,"No 195, Driver Street, Colombo",1
196,Driver 196,000000196V,LIC-000196,0770000196,"No 196, Driver Street, Colombo",1
197,Driver 197,000000197V,LIC-000197,0770000197,"No 197, Driver Street, Colombo",1
198,Driver 198,000000198V,LIC-000198,0770000198,"No 198, Driver Street, Colombo",1
199,Driver 199,000000199V,LIC-000199,0770000199,"No 199, Driver Street, Colombo",1
200,Driver 200,000000200V,LIC-000200,0770000200,"No 200, Driver Street, Colombo",1